Year,SEER,Mortality,Type,Race,Gender
1975,17.5,11.3,Leukemia,White,Male
1976,19.1,11.2,Leukemia,White,Male
1977,17,11.1,Leukemia,White,Male
1978,18.3,11.1,Leukemia,White,Male
1979,17.6,11.4,Leukemia,White,Male
1980,17.9,11.5,Leukemia,White,Male
1981,17,11.2,Leukemia,White,Male
1982,18.8,11.3,Leukemia,White,Male
1983,18.4,11.2,Leukemia,White,Male
1984,18,10.9,Leukemia,White,Male
1985,18.3,11,Leukemia,White,Male
1986,18.4,11,Leukemia,White,Male
1987,18.5,10.5,Leukemia,White,Male
1988,18.3,10.8,Leukemia,White,Male
1989,18.3,10.8,Leukemia,White,Male
1990,18.2,10.9,Leukemia,White,Male
1991,17.7,10.6,Leukemia,White,Male
1992,18.7,10.9,Leukemia,White,Male
1993,18,10.8,Leukemia,White,Male
1994,17.9,10.8,Leukemia,White,Male
1995,18.8,11,Leukemia,White,Male
1996,17.8,10.7,Leukemia,White,Male
1997,18.7,10.7,Leukemia,White,Male
1998,18.1,10.3,Leukemia,White,Male
1999,17.9,10.5,Leukemia,White,Male
2000,18.7,10.5,Leukemia,White,Male
2001,19.7,10.5,Leukemia,White,Male
2002,19.2,10.5,Leukemia,White,Male
2003,18.9,10.4,Leukemia,White,Male
2004,18.6,10,Leukemia,White,Male
2005,19.1,10.1,Leukemia,White,Male
2006,17.8,10,Leukemia,White,Male
2007,18.6,9.9,Leukemia,White,Male
2008,18.5,9.8,Leukemia,White,Male
2009,17.6,9.9,Leukemia,White,Male
2010,18.4,9.6,Leukemia,White,Male
1975,16.3,8.6,Leukemia,Black,Male
1976,14.2,8.5,Leukemia,Black,Male
1977,13.6,8.8,Leukemia,Black,Male
1978,11.4,9.2,Leukemia,Black,Male
1979,13.5,8.9,Leukemia,Black,Male
1980,16.1,9.1,Leukemia,Black,Male
1981,14.5,8.9,Leukemia,Black,Male
1982,15.2,9.4,Leukemia,Black,Male
1983,16,9.2,Leukemia,Black,Male
1984,11.9,9.2,Leukemia,Black,Male
1985,17,9.6,Leukemia,Black,Male
1986,13.2,9.3,Leukemia,Black,Male
1987,17.6,9.4,Leukemia,Black,Male
1988,14,9.8,Leukemia,Black,Male
1989,15.8,10.3,Leukemia,Black,Male
1990,14.9,10,Leukemia,Black,Male
1991,12.1,10,Leukemia,Black,Male
1992,13.9,9.4,Leukemia,Black,Male
1993,15.2,9.8,Leukemia,Black,Male
1994,12.7,9.6,Leukemia,Black,Male
1995,13.4,9.8,Leukemia,Black,Male
1996,13.9,10.1,Leukemia,Black,Male
1997,13.9,9.2,Leukemia,Black,Male
1998,14.4,9.4,Leukemia,Black,Male
1999,14.1,8.8,Leukemia,Black,Male
2000,13.8,9.1,Leukemia,Black,Male
2001,14.5,8.8,Leukemia,Black,Male
2002,11.8,8.9,Leukemia,Black,Male
2003,14.4,8.5,Leukemia,Black,Male
2004,17.3,8.9,Leukemia,Black,Male
2005,12.4,8.1,Leukemia,Black,Male
2006,15,8.8,Leukemia,Black,Male
2007,13.6,8.1,Leukemia,Black,Male
2008,14.6,8.7,Leukemia,Black,Male
2009,14.3,8.1,Leukemia,Black,Male
2010,12.9,7.5,Leukemia,Black,Male
1975,10.1,6.3,Leukemia,White,Female 
1976,10.3,6.3,Leukemia,White,Female 
1977,10.5,6.3,Leukemia,White,Female 
1978,10.3,6.3,Leukemia,White,Female 
1979,10,6.5,Leukemia,White,Female 
1980,10.1,6.6,Leukemia,White,Female 
1981,9.8,6.3,Leukemia,White,Female 
1982,9.9,6.4,Leukemia,White,Female 
1983,10.1,6.3,Leukemia,White,Female 
1984,10.3,6.5,Leukemia,White,Female 
1985,10.7,6.4,Leukemia,White,Female 
1986,9.9,6.2,Leukemia,White,Female 
1987,10.6,6.2,Leukemia,White,Female 
1988,10,6.1,Leukemia,White,Female 
1989,11,6.3,Leukemia,White,Female 
1990,10.2,6.3,Leukemia,White,Female 
1991,10.6,6.4,Leukemia,White,Female 
1992,10,6.2,Leukemia,White,Female 
1993,10.4,6.2,Leukemia,White,Female 
1994,10.7,6.1,Leukemia,White,Female 
1995,11.2,6,Leukemia,White,Female 
1996,10.8,6.1,Leukemia,White,Female 
1997,10.6,6,Leukemia,White,Female 
1998,10.9,5.9,Leukemia,White,Female 
1999,10.1,6.1,Leukemia,White,Female 
2000,11.1,6,Leukemia,White,Female 
2001,11.8,6,Leukemia,White,Female 
2002,11.1,5.9,Leukemia,White,Female 
2003,10.9,5.8,Leukemia,White,Female 
2004,11.1,5.6,Leukemia,White,Female 
2005,10.7,5.6,Leukemia,White,Female 
2006,11.8,5.7,Leukemia,White,Female 
2007,10.6,5.5,Leukemia,White,Female 
2008,10.8,5.5,Leukemia,White,Female 
2009,10.5,5.4,Leukemia,White,Female 
2010,10.7,5.4,Leukemia,White,Female 
1975,8.5,5.1,Leukemia,Black,Female 
1976,9.4,5.5,Leukemia,Black,Female 
1977,7.7,5.5,Leukemia,Black,Female 
1978,7.5,4.9,Leukemia,Black,Female 
1979,8.6,5.7,Leukemia,Black,Female 
1980,9.5,5.7,Leukemia,Black,Female 
1981,10.4,5.9,Leukemia,Black,Female 
1982,7.9,5.7,Leukemia,Black,Female 
1983,10.1,5.9,Leukemia,Black,Female 
1984,9.6,5.7,Leukemia,Black,Female 
1985,9.3,5.4,Leukemia,Black,Female 
1986,8.1,5.9,Leukemia,Black,Female 
1987,9.3,5.9,Leukemia,Black,Female 
1988,9.4,5.6,Leukemia,Black,Female 
1989,8.1,5.5,Leukemia,Black,Female 
1990,8.9,5.8,Leukemia,Black,Female 
1991,10,5.8,Leukemia,Black,Female 
1992,8.4,5.7,Leukemia,Black,Female 
1993,9.1,5.8,Leukemia,Black,Female 
1994,7.8,5.5,Leukemia,Black,Female 
1995,7.4,5.5,Leukemia,Black,Female 
1996,8.7,5.9,Leukemia,Black,Female 
1997,8.2,5.3,Leukemia,Black,Female 
1998,7,5.6,Leukemia,Black,Female 
1999,8.4,5.4,Leukemia,Black,Female 
2000,10.2,5.3,Leukemia,Black,Female 
2001,10,5.4,Leukemia,Black,Female 
2002,6.9,5.4,Leukemia,Black,Female 
2003,8.9,5.3,Leukemia,Black,Female 
2004,9.7,5.4,Leukemia,Black,Female 
2005,10.1,4.8,Leukemia,Black,Female 
2006,8.2,4.7,Leukemia,Black,Female 
2007,7.4,5.1,Leukemia,Black,Female 
2008,7.9,4.8,Leukemia,Black,Female 
2009,8,4.7,Leukemia,Black,Female 
2010,8.2,4.6,Leukemia,Black,Female 
1975,7.3,5.2,Brain,White,Male
1976,7.5,5.5,Brain,White,Male
1977,8.3,5.7,Brain,White,Male
1978,7.2,5.8,Brain,White,Male
1979,8,5.5,Brain,White,Male
1980,8.2,5.8,Brain,White,Male
1981,8.4,5.6,Brain,White,Male
1982,8.6,5.7,Brain,White,Male
1983,8.2,5.6,Brain,White,Male
1984,7.7,5.9,Brain,White,Male
1985,9.1,5.9,Brain,White,Male
1986,8.6,5.9,Brain,White,Male
1987,8.7,6,Brain,White,Male
1988,8.6,6.2,Brain,White,Male
1989,9.2,6.2,Brain,White,Male
1990,8.8,6.3,Brain,White,Male
1991,9.3,6.4,Brain,White,Male
1992,9.5,6.3,Brain,White,Male
1993,8.9,6.2,Brain,White,Male
1994,8.6,6.3,Brain,White,Male
1995,8.6,6,Brain,White,Male
1996,9,6.1,Brain,White,Male
1997,8.9,6,Brain,White,Male
1998,8.4,6.1,Brain,White,Male
1999,9.2,6,Brain,White,Male
2000,9.1,6,Brain,White,Male
2001,8.6,5.9,Brain,White,Male
2002,8.9,5.8,Brain,White,Male
2003,8.3,5.7,Brain,White,Male
2004,8.9,5.6,Brain,White,Male
2005,8.7,5.7,Brain,White,Male
2006,8.7,5.5,Brain,White,Male
2007,8.7,5.5,Brain,White,Male
2008,8.8,5.7,Brain,White,Male
2009,8.8,5.7,Brain,White,Male
2010,8.2,5.6,Brain,White,Male
1975,4.3,3.2,Brain,Black,Male
1976,5.4,3.5,Brain,Black,Male
1977,5.2,3,Brain,Black,Male
1978,4.3,3.4,Brain,Black,Male
1979,4.2,3.3,Brain,Black,Male
1980,3.3,3,Brain,Black,Male
1981,7.2,3.3,Brain,Black,Male
1982,4.4,3.4,Brain,Black,Male
1983,3.8,2.9,Brain,Black,Male
1984,5.3,3.3,Brain,Black,Male
1985,5.6,3.2,Brain,Black,Male
1986,4.7,3.5,Brain,Black,Male
1987,5.5,3.6,Brain,Black,Male
1988,4.5,3.6,Brain,Black,Male
1989,5.9,3.5,Brain,Black,Male
1990,5.2,3.7,Brain,Black,Male
1991,4.5,3.4,Brain,Black,Male
1992,4,3.4,Brain,Black,Male
1993,4,3.6,Brain,Black,Male
1994,4.5,3.2,Brain,Black,Male
1995,5.1,3.4,Brain,Black,Male
1996,5.1,3.2,Brain,Black,Male
1997,5.3,3.3,Brain,Black,Male
1998,4.3,3.4,Brain,Black,Male
1999,5,3.3,Brain,Black,Male
2000,5.4,3.3,Brain,Black,Male
2001,5.3,3.1,Brain,Black,Male
2002,5.4,3.2,Brain,Black,Male
2003,4.4,3.4,Brain,Black,Male
2004,4.5,3,Brain,Black,Male
2005,4.9,3.2,Brain,Black,Male
2006,4.1,2.9,Brain,Black,Male
2007,4.7,2.8,Brain,Black,Male
2008,4.5,3.2,Brain,Black,Male
2009,4.3,3,Brain,Black,Male
2010,4.2,3.1,Brain,Black,Male
1975,5.3,3.6,Brain,White,Female 
1976,5,3.7,Brain,White,Female 
1977,5.3,3.8,Brain,White,Female 
1978,5.2,3.9,Brain,White,Female 
1979,5.4,3.6,Brain,White,Female 
1980,5.7,3.7,Brain,White,Female 
1981,5.6,3.8,Brain,White,Female 
1982,5.6,3.9,Brain,White,Female 
1983,5.7,3.9,Brain,White,Female 
1984,5.5,4,Brain,White,Female 
1985,6.1,4,Brain,White,Female 
1986,6.3,3.9,Brain,White,Female 
1987,6.7,4.2,Brain,White,Female 
1988,6.4,4,Brain,White,Female 
1989,5.9,4.1,Brain,White,Female 
1990,6.6,4.2,Brain,White,Female 
1991,6.2,4.4,Brain,White,Female 
1992,6.2,4.3,Brain,White,Female 
1993,6.1,4.2,Brain,White,Female 
1994,5.9,4.3,Brain,White,Female 
1995,5.8,4.1,Brain,White,Female 
1996,5.8,4.2,Brain,White,Female 
1997,6.2,4.1,Brain,White,Female 
1998,6.3,4.1,Brain,White,Female 
1999,6.4,4.1,Brain,White,Female 
2000,6.2,3.9,Brain,White,Female 
2001,6.1,3.9,Brain,White,Female 
2002,6.3,3.9,Brain,White,Female 
2003,6.3,3.9,Brain,White,Female 
2004,6.5,3.8,Brain,White,Female 
2005,6.4,3.8,Brain,White,Female 
2006,5.8,3.7,Brain,White,Female 
2007,6,3.8,Brain,White,Female 
2008,6.4,3.8,Brain,White,Female 
2009,6.2,3.9,Brain,White,Female 
2010,6.1,3.7,Brain,White,Female 
1975,3.9,1.8,Brain,Black,Female 
1976,1.6,2,Brain,Black,Female 
1977,2.5,2.2,Brain,Black,Female 
1978,3.5,2.2,Brain,Black,Female 
1979,3.2,2.1,Brain,Black,Female 
1980,2.9,2,Brain,Black,Female 
1981,3.2,2,Brain,Black,Female 
1982,3.1,2.1,Brain,Black,Female 
1983,1.8,2.2,Brain,Black,Female 
1984,3.9,1.9,Brain,Black,Female 
1985,4.2,2,Brain,Black,Female 
1986,3.5,2.3,Brain,Black,Female 
1987,3.1,2.4,Brain,Black,Female 
1988,4.4,2.4,Brain,Black,Female 
1989,4.1,2.2,Brain,Black,Female 
1990,3.6,2.4,Brain,Black,Female 
1991,3.1,2.4,Brain,Black,Female 
1992,3.3,2.4,Brain,Black,Female 
1993,3.8,2.3,Brain,Black,Female 
1994,4,2.3,Brain,Black,Female 
1995,3.2,2.3,Brain,Black,Female 
1996,3.4,2.2,Brain,Black,Female 
1997,3.1,2.6,Brain,Black,Female 
1998,4.1,2.2,Brain,Black,Female 
1999,2.6,2.3,Brain,Black,Female 
2000,3.7,2.2,Brain,Black,Female 
2001,3.3,2.2,Brain,Black,Female 
2002,3.4,2.2,Brain,Black,Female 
2003,4.7,2.1,Brain,Black,Female 
2004,3.6,2,Brain,Black,Female 
2005,4.1,2,Brain,Black,Female 
2006,3.5,1.9,Brain,Black,Female 
2007,4.4,2.1,Brain,Black,Female 
2008,3,2,Brain,Black,Female 
2009,4.8,2.2,Brain,Black,Female 
2010,3.9,2.1,Brain,Black,Female 
1975,3.2,3.5,Liver,White,Male
1976,3.2,3.5,Liver,White,Male
1977,3.6,3.4,Liver,White,Male
1978,3.3,3.5,Liver,White,Male
1979,3.3,3.5,Liver,White,Male
1980,3.3,3.5,Liver,White,Male
1981,3.9,3.8,Liver,White,Male
1982,3.5,3.8,Liver,White,Male
1983,3.7,3.7,Liver,White,Male
1984,3.4,3.8,Liver,White,Male
1985,4.1,3.9,Liver,White,Male
1986,3.9,4.1,Liver,White,Male
1987,3.6,4.1,Liver,White,Male
1988,4.2,4.4,Liver,White,Male
1989,4.3,4.5,Liver,White,Male
1990,4.7,4.7,Liver,White,Male
1991,5.5,4.8,Liver,White,Male
1992,4.8,5.2,Liver,White,Male
1993,5.9,5.3,Liver,White,Male
1994,5.6,5.4,Liver,White,Male
1995,5.4,5.7,Liver,White,Male
1996,6.8,5.9,Liver,White,Male
1997,6.6,5.9,Liver,White,Male
1998,7,6.1,Liver,White,Male
1999,7.2,6,Liver,White,Male
2000,7.1,6.1,Liver,White,Male
2001,6.6,6.4,Liver,White,Male
2002,7,6.5,Liver,White,Male
2003,7.7,6.7,Liver,White,Male
2004,8,6.7,Liver,White,Male
2005,8.6,7.1,Liver,White,Male
2006,9.2,7,Liver,White,Male
2007,9.4,7.2,Liver,White,Male
2008,9.6,7.6,Liver,White,Male
2009,10.2,7.9,Liver,White,Male
2010,10,8,Liver,White,Male
1975,6.5,6.3,Liver,Black,Male
1976,6.2,6.8,Liver,Black,Male
1977,5,7.2,Liver,Black,Male
1978,6.8,7,Liver,Black,Male
1979,7.1,6.6,Liver,Black,Male
1980,5,6.8,Liver,Black,Male
1981,7.1,6.7,Liver,Black,Male
1982,5.4,7.2,Liver,Black,Male
1983,6.3,7.3,Liver,Black,Male
1984,5.3,7.9,Liver,Black,Male
1985,7.6,7.2,Liver,Black,Male
1986,7.6,7.3,Liver,Black,Male
1987,7.7,6.9,Liver,Black,Male
1988,8.9,7.2,Liver,Black,Male
1989,9.1,8,Liver,Black,Male
1990,10.6,7.8,Liver,Black,Male
1991,9.2,8,Liver,Black,Male
1992,8.4,8.5,Liver,Black,Male
1993,10.1,8.1,Liver,Black,Male
1994,9.5,8.9,Liver,Black,Male
1995,8.6,9.3,Liver,Black,Male
1996,11,9.1,Liver,Black,Male
1997,11.4,8.9,Liver,Black,Male
1998,9.6,10.1,Liver,Black,Male
1999,12.2,8.8,Liver,Black,Male
2000,11.6,9.5,Liver,Black,Male
2001,13.8,9.1,Liver,Black,Male
2002,11.9,10,Liver,Black,Male
2003,12.5,10.3,Liver,Black,Male
2004,15.9,10.7,Liver,Black,Male
2005,14.8,11.2,Liver,Black,Male
2006,15.2,10.9,Liver,Black,Male
2007,17.6,11.3,Liver,Black,Male
2008,19,11.9,Liver,Black,Male
2009,19,12.2,Liver,Black,Male
2010,19.1,12.3,Liver,Black,Male
1975,1.4,2,Liver,White,Female 
1976,1.6,1.9,Liver,White,Female 
1977,1.3,1.9,Liver,White,Female 
1978,1.4,1.8,Liver,White,Female 
1979,1.5,2,Liver,White,Female 
1980,1.6,1.9,Liver,White,Female 
1981,1.5,1.9,Liver,White,Female 
1982,1.6,1.9,Liver,White,Female 
1983,1.4,1.9,Liver,White,Female 
1984,1.6,2,Liver,White,Female 
1985,1.5,2.1,Liver,White,Female 
1986,1.7,2,Liver,White,Female 
1987,1.9,2,Liver,White,Female 
1988,1.6,2.1,Liver,White,Female 
1989,1.9,2.2,Liver,White,Female 
1990,1.9,2.2,Liver,White,Female 
1991,2.1,2.3,Liver,White,Female 
1992,1.9,2.4,Liver,White,Female 
1993,2.1,2.6,Liver,White,Female 
1994,2.1,2.6,Liver,White,Female 
1995,2.2,2.7,Liver,White,Female 
1996,2.6,2.7,Liver,White,Female 
1997,2.6,2.8,Liver,White,Female 
1998,2.6,2.7,Liver,White,Female 
1999,2.7,2.7,Liver,White,Female 
2000,2.7,2.7,Liver,White,Female 
2001,2.5,2.7,Liver,White,Female 
2002,2.6,2.8,Liver,White,Female 
2003,2.7,2.9,Liver,White,Female 
2004,2.7,3,Liver,White,Female 
2005,2.9,3,Liver,White,Female 
2006,2.9,3.1,Liver,White,Female 
2007,3,3.1,Liver,White,Female 
2008,3.4,3,Liver,White,Female 
2009,3.3,3.2,Liver,White,Female 
2010,3.4,3.3,Liver,White,Female 
1975,3.2,2.7,Liver,Black,Female 
1976,2.3,2.7,Liver,Black,Female 
1977,2.2,2.5,Liver,Black,Female 
1978,2.1,2.8,Liver,Black,Female 
1979,1.8,2.7,Liver,Black,Female 
1980,2.5,2.8,Liver,Black,Female 
1981,2.5,2.7,Liver,Black,Female 
1982,2.6,2.9,Liver,Black,Female 
1983,2.3,3,Liver,Black,Female 
1984,1.9,2.7,Liver,Black,Female 
1985,1.3,2.7,Liver,Black,Female 
1986,3.2,2.9,Liver,Black,Female 
1987,3.6,3.2,Liver,Black,Female 
1988,1.8,3,Liver,Black,Female 
1989,2.6,3.1,Liver,Black,Female 
1990,3.5,3.6,Liver,Black,Female 
1991,3.5,3.5,Liver,Black,Female 
1992,3.4,3.3,Liver,Black,Female 
1993,3.1,3.6,Liver,Black,Female 
1994,1.9,3.5,Liver,Black,Female 
1995,3.9,4.1,Liver,Black,Female 
1996,3.6,3.7,Liver,Black,Female 
1997,4.4,3.9,Liver,Black,Female 
1998,4.1,3.7,Liver,Black,Female 
1999,4.4,3.8,Liver,Black,Female 
2000,3.4,3.6,Liver,Black,Female 
2001,3.4,4.1,Liver,Black,Female 
2002,3.8,3.7,Liver,Black,Female 
2003,3.9,4,Liver,Black,Female 
2004,4.4,4.1,Liver,Black,Female 
2005,5,3.8,Liver,Black,Female 
2006,5.2,3.9,Liver,Black,Female 
2007,4.6,3.8,Liver,Black,Female 
2008,4.9,3.9,Liver,Black,Female 
2009,5.6,4.3,Liver,Black,Female 
2010,5.5,4.3,Liver,Black,Female 
1975,6.2,3.5,Myeloma,White,Male
1976,5.8,3.6,Myeloma,White,Male
1977,6.2,3.6,Myeloma,White,Male
1978,5.6,3.7,Myeloma,White,Male
1979,5.4,3.9,Myeloma,White,Male
1980,5.4,3.8,Myeloma,White,Male
1981,5.5,3.7,Myeloma,White,Male
1982,5.9,3.8,Myeloma,White,Male
1983,6.3,4,Myeloma,White,Male
1984,6.4,3.9,Myeloma,White,Male
1985,5.9,4.1,Myeloma,White,Male
1986,6,4.1,Myeloma,White,Male
1987,7.2,4.2,Myeloma,White,Male
1988,6.4,4.3,Myeloma,White,Male
1989,6.3,4.3,Myeloma,White,Male
1990,6.9,4.4,Myeloma,White,Male
1991,7.2,4.5,Myeloma,White,Male
1992,7,4.4,Myeloma,White,Male
1993,6.8,4.6,Myeloma,White,Male
1994,6.3,4.7,Myeloma,White,Male
1995,6.8,4.6,Myeloma,White,Male
1996,6.9,4.6,Myeloma,White,Male
1997,7.1,4.6,Myeloma,White,Male
1998,7.1,4.4,Myeloma,White,Male
1999,6.6,4.4,Myeloma,White,Male
2000,7.6,4.4,Myeloma,White,Male
2001,6.9,4.4,Myeloma,White,Male
2002,7.6,4.6,Myeloma,White,Male
2003,7.1,4.4,Myeloma,White,Male
2004,6.9,4.2,Myeloma,White,Male
2005,7.4,4.3,Myeloma,White,Male
2006,6.9,4.1,Myeloma,White,Male
2007,7.6,4.2,Myeloma,White,Male
2008,7.2,4,Myeloma,White,Male
2009,7.3,4,Myeloma,White,Male
2010,7.4,3.9,Myeloma,White,Male
1975,10.9,6.4,Myeloma,Black,Male
1976,11.2,6.9,Myeloma,Black,Male
1977,11,7.2,Myeloma,Black,Male
1978,11,7,Myeloma,Black,Male
1979,15.3,7.4,Myeloma,Black,Male
1980,10.8,7.4,Myeloma,Black,Male
1981,15.2,8.2,Myeloma,Black,Male
1982,13.9,8.6,Myeloma,Black,Male
1983,16.3,8.7,Myeloma,Black,Male
1984,15.2,8.4,Myeloma,Black,Male
1985,12.6,8.6,Myeloma,Black,Male
1986,11.6,9.1,Myeloma,Black,Male
1987,13.5,9.2,Myeloma,Black,Male
1988,12.2,8.1,Myeloma,Black,Male
1989,13.6,8.9,Myeloma,Black,Male
1990,14.6,9.6,Myeloma,Black,Male
1991,15.9,9.6,Myeloma,Black,Male
1992,13.1,9.3,Myeloma,Black,Male
1993,15.8,9.3,Myeloma,Black,Male
1994,15.2,9.7,Myeloma,Black,Male
1995,15.2,9.4,Myeloma,Black,Male
1996,13.5,9.6,Myeloma,Black,Male
1997,14.4,9.2,Myeloma,Black,Male
1998,13.2,9.5,Myeloma,Black,Male
1999,15.5,8.8,Myeloma,Black,Male
2000,10.7,8.8,Myeloma,Black,Male
2001,14.8,8.7,Myeloma,Black,Male
2002,14,8.3,Myeloma,Black,Male
2003,14.1,8.4,Myeloma,Black,Male
2004,15.7,8.3,Myeloma,Black,Male
2005,14.5,8.1,Myeloma,Black,Male
2006,14.4,8.3,Myeloma,Black,Male
2007,14.1,7.9,Myeloma,Black,Male
2008,17,8,Myeloma,Black,Male
2009,15.6,7.6,Myeloma,Black,Male
2010,17,7.8,Myeloma,Black,Male
1975,3.6,2.2,Myeloma,White,Female 
1976,4.1,2.4,Myeloma,White,Female 
1977,3.9,2.4,Myeloma,White,Female 
1978,3.7,2.5,Myeloma,White,Female 
1979,3.8,2.5,Myeloma,White,Female 
1980,3.7,2.5,Myeloma,White,Female 
1981,4,2.5,Myeloma,White,Female 
1982,4.3,2.6,Myeloma,White,Female 
1983,3.7,2.6,Myeloma,White,Female 
1984,4.1,2.7,Myeloma,White,Female 
1985,4.2,2.8,Myeloma,White,Female 
1986,4.1,2.8,Myeloma,White,Female 
1987,4.7,2.7,Myeloma,White,Female 
1988,4.2,2.7,Myeloma,White,Female 
1989,4.2,2.8,Myeloma,White,Female 
1990,4.1,2.9,Myeloma,White,Female 
1991,4.4,2.9,Myeloma,White,Female 
1992,4.8,2.9,Myeloma,White,Female 
1993,4,3,Myeloma,White,Female 
1994,4.5,3,Myeloma,White,Female 
1995,4.3,3,Myeloma,White,Female 
1996,4.3,2.9,Myeloma,White,Female 
1997,4.8,2.9,Myeloma,White,Female 
1998,4.4,2.9,Myeloma,White,Female 
1999,4.1,2.9,Myeloma,White,Female 
2000,4.5,3,Myeloma,White,Female 
2001,4.4,2.9,Myeloma,White,Female 
2002,4.3,2.9,Myeloma,White,Female 
2003,4.4,2.8,Myeloma,White,Female 
2004,4.3,2.7,Myeloma,White,Female 
2005,4.4,2.7,Myeloma,White,Female 
2006,4.5,2.6,Myeloma,White,Female 
2007,4,2.5,Myeloma,White,Female 
2008,4.5,2.4,Myeloma,White,Female 
2009,4.4,2.4,Myeloma,White,Female 
2010,4.5,2.4,Myeloma,White,Female 
1975,8.6,4.4,Myeloma,Black,Female 
1976,7.9,4.6,Myeloma,Black,Female 
1977,7.8,4.4,Myeloma,Black,Female 
1978,8.7,4.9,Myeloma,Black,Female 
1979,8.3,4.9,Myeloma,Black,Female 
1980,9,5.2,Myeloma,Black,Female 
1981,8.2,5.5,Myeloma,Black,Female 
1982,9.7,5.4,Myeloma,Black,Female 
1983,11.9,5.6,Myeloma,Black,Female 
1984,7.7,5.5,Myeloma,Black,Female 
1985,7.2,5.8,Myeloma,Black,Female 
1986,10.4,6,Myeloma,Black,Female 
1987,9.7,5.7,Myeloma,Black,Female 
1988,9.7,6.1,Myeloma,Black,Female 
1989,8.9,5.9,Myeloma,Black,Female 
1990,10.4,5.9,Myeloma,Black,Female 
1991,10.6,6.6,Myeloma,Black,Female 
1992,10.4,6.3,Myeloma,Black,Female 
1993,10.5,6.9,Myeloma,Black,Female 
1994,12,6.5,Myeloma,Black,Female 
1995,10.5,6.9,Myeloma,Black,Female 
1996,12,6.5,Myeloma,Black,Female 
1997,11.9,6.5,Myeloma,Black,Female 
1998,11,6.8,Myeloma,Black,Female 
1999,10.1,6.6,Myeloma,Black,Female 
2000,11,6.7,Myeloma,Black,Female 
2001,10.7,6.3,Myeloma,Black,Female 
2002,9.2,6,Myeloma,Black,Female 
2003,8.9,6.3,Myeloma,Black,Female 
2004,10.6,6,Myeloma,Black,Female 
2005,11.3,5.5,Myeloma,Black,Female 
2006,11.8,5.5,Myeloma,Black,Female 
2007,9.9,5.8,Myeloma,Black,Female 
2008,12.1,5.3,Myeloma,Black,Female 
2009,11.7,4.9,Myeloma,Black,Female 
2010,10.6,5.5,Myeloma,Black,Female 
1975,16,11.4,Stomach,White,Male
1976,16,11.2,Stomach,White,Male
1977,15,10.7,Stomach,White,Male
1978,15,10.2,Stomach,White,Male
1979,15.6,10.2,Stomach,White,Male
1980,15.7,9.8,Stomach,White,Male
1981,15.1,9.8,Stomach,White,Male
1982,14.6,9.4,Stomach,White,Male
1983,13.7,9,Stomach,White,Male
1984,13.9,9.1,Stomach,White,Male
1985,13.3,8.8,Stomach,White,Male
1986,13.5,8.6,Stomach,White,Male
1987,13.3,8.3,Stomach,White,Male
1988,13.6,7.9,Stomach,White,Male
1989,13.5,8.3,Stomach,White,Male
1990,11.9,8,Stomach,White,Male
1991,12.3,8,Stomach,White,Male
1992,11.7,7.3,Stomach,White,Male
1993,11.6,7.3,Stomach,White,Male
1994,11.8,7,Stomach,White,Male
1995,11.2,6.9,Stomach,White,Male
1996,11,6.6,Stomach,White,Male
1997,10.8,6.3,Stomach,White,Male
1998,10.5,6.1,Stomach,White,Male
1999,10.5,5.8,Stomach,White,Male
2000,9.9,5.6,Stomach,White,Male
2001,9.7,5.4,Stomach,White,Male
2002,9.9,5.3,Stomach,White,Male
2003,9.3,5,Stomach,White,Male
2004,10,4.9,Stomach,White,Male
2005,9.2,4.6,Stomach,White,Male
2006,9.3,4.5,Stomach,White,Male
2007,9.2,4.4,Stomach,White,Male
2008,8.8,4.2,Stomach,White,Male
2009,9.2,4.1,Stomach,White,Male
2010,8.5,4,Stomach,White,Male
1975,24.8,21,Stomach,Black,Male
1976,23.5,20.2,Stomach,Black,Male
1977,24.7,19.5,Stomach,Black,Male
1978,22.9,18.7,Stomach,Black,Male
1979,28.2,18.7,Stomach,Black,Male
1980,26.3,18.3,Stomach,Black,Male
1981,27.8,18.1,Stomach,Black,Male
1982,31.2,19.2,Stomach,Black,Male
1983,27.8,18.4,Stomach,Black,Male
1984,21.8,17.9,Stomach,Black,Male
1985,23.5,17,Stomach,Black,Male
1986,23.2,17.4,Stomach,Black,Male
1987,26.7,17,Stomach,Black,Male
1988,24.8,17,Stomach,Black,Male
1989,23.2,17.7,Stomach,Black,Male
1990,21.8,17.2,Stomach,Black,Male
1991,25.8,17.6,Stomach,Black,Male
1992,19.9,15.6,Stomach,Black,Male
1993,23.7,16.3,Stomach,Black,Male
1994,24.7,15.4,Stomach,Black,Male
1995,19,14.9,Stomach,Black,Male
1996,22.6,15.1,Stomach,Black,Male
1997,22.3,14.6,Stomach,Black,Male
1998,20.2,13.7,Stomach,Black,Male
1999,18.2,13.7,Stomach,Black,Male
2000,19.8,12.8,Stomach,Black,Male
2001,18.5,12.1,Stomach,Black,Male
2002,15.6,12.2,Stomach,Black,Male
2003,18.4,11.6,Stomach,Black,Male
2004,16.9,11.3,Stomach,Black,Male
2005,18.1,10.9,Stomach,Black,Male
2006,17.2,10,Stomach,Black,Male
2007,17.7,10.5,Stomach,Black,Male
2008,18.4,10,Stomach,Black,Male
2009,15.2,9.4,Stomach,Black,Male
2010,13.4,9.3,Stomach,Black,Male
1975,7,5.6,Stomach,White,Female 
1976,7.7,5.4,Stomach,White,Female 
1977,7,5,Stomach,White,Female 
1978,7,5.1,Stomach,White,Female 
1979,7.5,4.8,Stomach,White,Female 
1980,6.6,4.8,Stomach,White,Female 
1981,6.7,4.6,Stomach,White,Female 
1982,6.3,4.5,Stomach,White,Female 
1983,6.6,4.4,Stomach,White,Female 
1984,6.4,4.3,Stomach,White,Female 
1985,6,4.1,Stomach,White,Female 
1986,5.9,3.8,Stomach,White,Female 
1987,6,3.8,Stomach,White,Female 
1988,5.5,3.8,Stomach,White,Female 
1989,5.3,3.8,Stomach,White,Female 
1990,5.2,3.7,Stomach,White,Female 
1991,5.5,3.6,Stomach,White,Female 
1992,5.2,3.4,Stomach,White,Female 
1993,4.9,3.4,Stomach,White,Female 
1994,4.8,3.3,Stomach,White,Female 
1995,4.3,3.2,Stomach,White,Female 
1996,4.7,3.1,Stomach,White,Female 
1997,4.5,2.9,Stomach,White,Female 
1998,4.8,3,Stomach,White,Female 
1999,5,2.8,Stomach,White,Female 
2000,4.5,2.8,Stomach,White,Female 
2001,4,2.7,Stomach,White,Female 
2002,4.3,2.6,Stomach,White,Female 
2003,4.4,2.6,Stomach,White,Female 
2004,4.6,2.5,Stomach,White,Female 
2005,4.2,2.4,Stomach,White,Female 
2006,4.3,2.3,Stomach,White,Female 
2007,3.8,2.2,Stomach,White,Female 
2008,3.9,2.2,Stomach,White,Female 
2009,3.9,2.1,Stomach,White,Female 
2010,4,2.2,Stomach,White,Female 
1975,11.5,8.6,Stomach,Black,Female 
1976,10.1,8.6,Stomach,Black,Female 
1977,11.6,9,Stomach,Black,Female 
1978,13.5,8.3,Stomach,Black,Female 
1979,11.7,8.7,Stomach,Black,Female 
1980,7.3,8,Stomach,Black,Female 
1981,10.4,8.6,Stomach,Black,Female 
1982,10.3,7.4,Stomach,Black,Female 
1983,11.2,8.1,Stomach,Black,Female 
1984,12.5,7.9,Stomach,Black,Female 
1985,11.3,7.8,Stomach,Black,Female 
1986,11.9,7.4,Stomach,Black,Female 
1987,10.7,7.5,Stomach,Black,Female 
1988,10.1,7.1,Stomach,Black,Female 
1989,10.7,7.3,Stomach,Black,Female 
1990,9.4,7.7,Stomach,Black,Female 
1991,10.4,7.5,Stomach,Black,Female 
1992,9.8,7.5,Stomach,Black,Female 
1993,8.4,7.1,Stomach,Black,Female 
1994,8.8,7,Stomach,Black,Female 
1995,9.6,7.4,Stomach,Black,Female 
1996,8.9,6.8,Stomach,Black,Female 
1997,10.9,6.5,Stomach,Black,Female 
1998,11.4,6.4,Stomach,Black,Female 
1999,9.8,6.5,Stomach,Black,Female 
2000,8.2,6.5,Stomach,Black,Female 
2001,9,5.9,Stomach,Black,Female 
2002,11.1,6.2,Stomach,Black,Female 
2003,10,5.5,Stomach,Black,Female 
2004,7.4,5.3,Stomach,Black,Female 
2005,7.4,5,Stomach,Black,Female 
2006,9.2,5,Stomach,Black,Female 
2007,7.7,4.7,Stomach,Black,Female 
2008,9.5,4.9,Stomach,Black,Female 
2009,9.3,4.4,Stomach,Black,Female 
2010,8,4.4,Stomach,Black,Female 
1975,5.6,5.4,Esophagus,White,Male
1976,5.9,5.3,Esophagus,White,Male
1977,5.3,5.2,Esophagus,White,Male
1978,5.7,5.4,Esophagus,White,Male
1979,6.2,5.3,Esophagus,White,Male
1980,5.7,5.5,Esophagus,White,Male
1981,5.2,5.4,Esophagus,White,Male
1982,5.5,5.4,Esophagus,White,Male
1983,6.1,5.6,Esophagus,White,Male
1984,5.6,5.6,Esophagus,White,Male
1985,6.3,5.7,Esophagus,White,Male
1986,6.2,5.8,Esophagus,White,Male
1987,6.4,6,Esophagus,White,Male
1988,6.3,6,Esophagus,White,Male
1989,6.2,6.2,Esophagus,White,Male
1990,7.2,6.3,Esophagus,White,Male
1991,6.7,6.4,Esophagus,White,Male
1992,7.4,6.6,Esophagus,White,Male
1993,6.9,6.6,Esophagus,White,Male
1994,7.2,6.9,Esophagus,White,Male
1995,6.6,7,Esophagus,White,Male
1996,7.5,7.1,Esophagus,White,Male
1997,7.7,7.1,Esophagus,White,Male
1998,7.9,7.3,Esophagus,White,Male
1999,8.4,7.4,Esophagus,White,Male
2000,8,7.6,Esophagus,White,Male
2001,8.4,7.7,Esophagus,White,Male
2002,8.1,7.8,Esophagus,White,Male
2003,8.2,7.7,Esophagus,White,Male
2004,9.3,7.8,Esophagus,White,Male
2005,8.5,8.1,Esophagus,White,Male
2006,8.2,8,Esophagus,White,Male
2007,8.4,7.8,Esophagus,White,Male
2008,8.6,7.7,Esophagus,White,Male
2009,8.5,7.7,Esophagus,White,Male
2010,7.8,7.8,Esophagus,White,Male
1975,20.1,17,Esophagus,Black,Male
1976,16.9,17.7,Esophagus,Black,Male
1977,20.9,17.6,Esophagus,Black,Male
1978,24.4,17.6,Esophagus,Black,Male
1979,23,18.6,Esophagus,Black,Male
1980,18.8,18.3,Esophagus,Black,Male
1981,21.3,18.7,Esophagus,Black,Male
1982,22.7,18.6,Esophagus,Black,Male
1983,22.2,17.9,Esophagus,Black,Male
1984,19.9,18.8,Esophagus,Black,Male
1985,22.2,17.7,Esophagus,Black,Male
1986,24,18,Esophagus,Black,Male
1987,20.1,17.1,Esophagus,Black,Male
1988,19.5,18.4,Esophagus,Black,Male
1989,17.3,17.3,Esophagus,Black,Male
1990,21.3,16.3,Esophagus,Black,Male
1991,17.8,16.5,Esophagus,Black,Male
1992,18.2,15.1,Esophagus,Black,Male
1993,17.5,16,Esophagus,Black,Male
1994,14.7,15.3,Esophagus,Black,Male
1995,13.8,14.4,Esophagus,Black,Male
1996,16.4,13.6,Esophagus,Black,Male
1997,11,12.8,Esophagus,Black,Male
1998,12.5,12.2,Esophagus,Black,Male
1999,11.5,11.6,Esophagus,Black,Male
2000,10.6,10.9,Esophagus,Black,Male
2001,11.5,11.3,Esophagus,Black,Male
2002,10,10.2,Esophagus,Black,Male
2003,10,9.6,Esophagus,Black,Male
2004,8.9,9,Esophagus,Black,Male
2005,8.5,8.8,Esophagus,Black,Male
2006,8.8,8.2,Esophagus,Black,Male
2007,8.3,8.2,Esophagus,Black,Male
2008,7.9,7.6,Esophagus,Black,Male
2009,6.6,7.2,Esophagus,Black,Male
2010,7.3,7.4,Esophagus,Black,Male
1975,2,1.5,Esophagus,White,Female 
1976,2.1,1.5,Esophagus,White,Female 
1977,1.9,1.5,Esophagus,White,Female 
1978,1.7,1.6,Esophagus,White,Female 
1979,2,1.5,Esophagus,White,Female 
1980,1.9,1.5,Esophagus,White,Female 
1981,1.9,1.5,Esophagus,White,Female 
1982,2,1.6,Esophagus,White,Female 
1983,1.8,1.5,Esophagus,White,Female 
1984,1.9,1.6,Esophagus,White,Female 
1985,1.9,1.5,Esophagus,White,Female 
1986,2.2,1.6,Esophagus,White,Female 
1987,2,1.5,Esophagus,White,Female 
1988,2,1.6,Esophagus,White,Female 
1989,2,1.6,Esophagus,White,Female 
1990,1.9,1.5,Esophagus,White,Female 
1991,2.2,1.6,Esophagus,White,Female 
1992,1.8,1.6,Esophagus,White,Female 
1993,2.1,1.6,Esophagus,White,Female 
1994,1.9,1.6,Esophagus,White,Female 
1995,2.1,1.6,Esophagus,White,Female 
1996,2,1.7,Esophagus,White,Female 
1997,2,1.6,Esophagus,White,Female 
1998,1.9,1.7,Esophagus,White,Female 
1999,2.1,1.6,Esophagus,White,Female 
2000,2,1.7,Esophagus,White,Female 
2001,1.9,1.7,Esophagus,White,Female 
2002,1.8,1.6,Esophagus,White,Female 
2003,1.9,1.7,Esophagus,White,Female 
2004,2.3,1.6,Esophagus,White,Female 
2005,1.8,1.6,Esophagus,White,Female 
2006,2.1,1.6,Esophagus,White,Female 
2007,2,1.5,Esophagus,White,Female 
2008,1.8,1.5,Esophagus,White,Female 
2009,2,1.5,Esophagus,White,Female 
2010,1.7,1.6,Esophagus,White,Female 
1975,3.7,4.1,Esophagus,Black,Female 
1976,5.6,4.3,Esophagus,Black,Female 
1977,5.4,4.4,Esophagus,Black,Female 
1978,4.3,4.3,Esophagus,Black,Female 
1979,5.2,4.2,Esophagus,Black,Female 
1980,7.4,4.9,Esophagus,Black,Female 
1981,7.5,4.3,Esophagus,Black,Female 
1982,6.4,4.5,Esophagus,Black,Female 
1983,4.3,4.5,Esophagus,Black,Female 
1984,6,4.6,Esophagus,Black,Female 
1985,5.8,4.3,Esophagus,Black,Female 
1986,6.3,4.5,Esophagus,Black,Female 
1987,4.8,4.4,Esophagus,Black,Female 
1988,5,3.9,Esophagus,Black,Female 
1989,5.4,4.3,Esophagus,Black,Female 
1990,5.8,4.4,Esophagus,Black,Female 
1991,4.9,4.1,Esophagus,Black,Female 
1992,5.3,4.1,Esophagus,Black,Female 
1993,4.6,4.1,Esophagus,Black,Female 
1994,5.1,3.9,Esophagus,Black,Female 
1995,4.4,3.5,Esophagus,Black,Female 
1996,4.8,3.7,Esophagus,Black,Female 
1997,4.5,3.4,Esophagus,Black,Female 
1998,4.3,3.6,Esophagus,Black,Female 
1999,4.1,3.1,Esophagus,Black,Female 
2000,4.4,3.3,Esophagus,Black,Female 
2001,2.6,3,Esophagus,Black,Female 
2002,3.7,2.9,Esophagus,Black,Female 
2003,3.7,2.9,Esophagus,Black,Female 
2004,4,2.9,Esophagus,Black,Female 
2005,2.9,2.3,Esophagus,Black,Female 
2006,2.9,2.3,Esophagus,Black,Female 
2007,2.9,2.2,Esophagus,Black,Female 
2008,2.2,2.3,Esophagus,Black,Female 
2009,3.4,1.9,Esophagus,Black,Female 
2010,2.8,2,Esophagus,Black,Female 
1975,9.4,2.9,Melanoma,White,Male
1976,9.6,3.1,Melanoma,White,Male
1977,10.9,3.2,Melanoma,White,Male
1978,10.7,3.3,Melanoma,White,Male
1979,11.9,3.5,Melanoma,White,Male
1980,13.4,3.4,Melanoma,White,Male
1981,13.6,3.4,Melanoma,White,Male
1982,14.2,3.6,Melanoma,White,Male
1983,14.4,3.6,Melanoma,White,Male
1984,14.8,3.8,Melanoma,White,Male
1985,17.2,3.8,Melanoma,White,Male
1986,17.9,3.9,Melanoma,White,Male
1987,18.1,4.1,Melanoma,White,Male
1988,17.4,4.1,Melanoma,White,Male
1989,18.9,4.2,Melanoma,White,Male
1990,19.3,4.2,Melanoma,White,Male
1991,20.5,4.3,Melanoma,White,Male
1992,21.2,4.3,Melanoma,White,Male
1993,21,4.3,Melanoma,White,Male
1994,23.2,4.3,Melanoma,White,Male
1995,23.5,4.3,Melanoma,White,Male
1996,25.4,4.5,Melanoma,White,Male
1997,25.2,4.4,Melanoma,White,Male
1998,26.2,4.6,Melanoma,White,Male
1999,27,4.3,Melanoma,White,Male
2000,28.3,4.3,Melanoma,White,Male
2001,29.3,4.4,Melanoma,White,Male
2002,28.5,4.3,Melanoma,White,Male
2003,28.9,4.4,Melanoma,White,Male
2004,30.8,4.5,Melanoma,White,Male
2005,34.1,4.5,Melanoma,White,Male
2006,33.3,4.6,Melanoma,White,Male
2007,33.2,4.5,Melanoma,White,Male
2008,35.4,4.6,Melanoma,White,Male
2009,35,4.8,Melanoma,White,Male
2010,35.4,4.7,Melanoma,White,Male
1975,8.2,1.7,Melanoma,White,Female 
1976,8.5,1.9,Melanoma,White,Female 
1977,9.1,1.9,Melanoma,White,Female 
1978,9.9,1.9,Melanoma,White,Female 
1979,10.1,2,Melanoma,White,Female 
1980,11.1,1.9,Melanoma,White,Female 
1981,12,2.1,Melanoma,White,Female 
1982,11.9,2,Melanoma,White,Female 
1983,11.5,2,Melanoma,White,Female 
1984,12,2,Melanoma,White,Female 
1985,12.7,2.1,Melanoma,White,Female 
1986,13.3,2.1,Melanoma,White,Female 
1987,14,2,Melanoma,White,Female 
1988,13.3,2.1,Melanoma,White,Female 
1989,13.9,2.1,Melanoma,White,Female 
1990,13.9,2.2,Melanoma,White,Female 
1991,14.8,2,Melanoma,White,Female 
1992,14.4,2.1,Melanoma,White,Female 
1993,14.2,2.1,Melanoma,White,Female 
1994,14.9,2,Melanoma,White,Female 
1995,16.5,2,Melanoma,White,Female 
1996,17,2.1,Melanoma,White,Female 
1997,17.9,2.1,Melanoma,White,Female 
1998,18.2,2,Melanoma,White,Female 
1999,18.4,2,Melanoma,White,Female 
2000,19.1,2,Melanoma,White,Female 
2001,20.1,2,Melanoma,White,Female 
2002,19.9,2,Melanoma,White,Female 
2003,20.2,2,Melanoma,White,Female 
2004,21.4,2,Melanoma,White,Female 
2005,23.1,2.1,Melanoma,White,Female 
2006,22.8,2,Melanoma,White,Female 
2007,22.3,1.9,Melanoma,White,Female 
2008,23.7,1.9,Melanoma,White,Female 
2009,23,2.1,Melanoma,White,Female 
2010,24.2,2,Melanoma,White,Female 
1975,89.2,75.5,Lung,White,Male
1976,92.8,77.6,Lung,White,Male
1977,94.8,79.1,Lung,White,Male
1978,95.9,80.8,Lung,White,Male
1979,95.2,81.6,Lung,White,Male
1980,97.7,83.3,Lung,White,Male
1981,98.4,83.5,Lung,White,Male
1982,99.7,85.2,Lung,White,Male
1983,97.6,85.4,Lung,White,Male
1984,99.9,86.2,Lung,White,Male
1985,96.9,86.7,Lung,White,Male
1986,97.4,87,Lung,White,Male
1987,100.6,88.1,Lung,White,Male
1988,97.9,87.9,Lung,White,Male
1989,97,87.6,Lung,White,Male
1990,96.1,88.4,Lung,White,Male
1991,95.9,87.8,Lung,White,Male
1992,94.9,86,Lung,White,Male
1993,92.5,85.5,Lung,White,Male
1994,90.1,83.8,Lung,White,Male
1995,88,82.6,Lung,White,Male
1996,86.7,81.2,Lung,White,Male
1997,84.8,79.8,Lung,White,Male
1998,86.6,78.5,Lung,White,Male
1999,83.3,75.7,Lung,White,Male
2000,80.8,75.4,Lung,White,Male
2001,81,74.3,Lung,White,Male
2002,79.8,72.9,Lung,White,Male
2003,79.6,71.3,Lung,White,Male
2004,75.3,69.7,Lung,White,Male
2005,75.6,69.1,Lung,White,Male
2006,73,67,Lung,White,Male
2007,72.6,64.8,Lung,White,Male
2008,70.6,63.5,Lung,White,Male
2009,69.4,61.4,Lung,White,Male
2010,66.6,59.9,Lung,White,Male
1975,114.9,91,Lung,Black,Male
1976,131,94,Lung,Black,Male
1977,124.9,100.8,Lung,Black,Male
1978,130.5,101.6,Lung,Black,Male
1979,127.7,102.9,Lung,Black,Male
1980,151.3,106.7,Lung,Black,Male
1981,143,109.7,Lung,Black,Male
1982,141.1,112.5,Lung,Black,Male
1983,151.3,112.8,Lung,Black,Male
1984,158.8,118,Lung,Black,Male
1985,149.7,117.5,Lung,Black,Male
1986,156.3,119.2,Lung,Black,Male
1987,143.7,121.8,Lung,Black,Male
1988,144.9,122.2,Lung,Black,Male
1989,142.8,124.7,Lung,Black,Male
1990,137.2,125.2,Lung,Black,Male
1991,144.8,123.6,Lung,Black,Male
1992,148.7,121.1,Lung,Black,Male
1993,135.3,122,Lung,Black,Male
1994,131.6,118.6,Lung,Black,Male
1995,138.7,116.1,Lung,Black,Male
1996,128.4,113.2,Lung,Black,Male
1997,129.2,110.2,Lung,Black,Male
1998,130.4,107.4,Lung,Black,Male
1999,121.9,103.6,Lung,Black,Male
2000,114.2,100.9,Lung,Black,Male
2001,113.9,99.3,Lung,Black,Male
2002,112.7,95.6,Lung,Black,Male
2003,118.4,93,Lung,Black,Male
2004,104.7,90.4,Lung,Black,Male
2005,97.5,87,Lung,Black,Male
2006,100.4,83.9,Lung,Black,Male
2007,99.6,82.2,Lung,Black,Male
2008,102.7,78.2,Lung,Black,Male
2009,96.2,75.5,Lung,Black,Male
2010,84,73.6,Lung,Black,Male
1975,24.9,17.7,Lung,White,Female 
1976,27.3,19.1,Lung,White,Female 
1977,28,20.1,Lung,White,Female 
1978,29.9,21.6,Lung,White,Female 
1979,31.7,22.4,Lung,White,Female 
1980,32.4,24.2,Lung,White,Female 
1981,35.5,25.1,Lung,White,Female 
1982,37.7,26.7,Lung,White,Female 
1983,39.1,28.3,Lung,White,Female 
1984,39.6,29.3,Lung,White,Female 
1985,40.9,30.8,Lung,White,Female 
1986,42.9,31.8,Lung,White,Female 
1987,45.5,33,Lung,White,Female 
1988,47.7,34.6,Lung,White,Female 
1989,47.2,36.3,Lung,White,Female 
1990,49,37.3,Lung,White,Female 
1991,50.6,38.1,Lung,White,Female 
1992,51.1,39.2,Lung,White,Female 
1993,50.7,40,Lung,White,Female 
1994,51.6,40.3,Lung,White,Female 
1995,52.4,41,Lung,White,Female 
1996,53,41.2,Lung,White,Female 
1997,55,41.5,Lung,White,Female 
1998,55.1,41.7,Lung,White,Female 
1999,54.4,40.9,Lung,White,Female 
2000,53.2,42.1,Lung,White,Female 
2001,53.5,42,Lung,White,Female 
2002,54.3,42.6,Lung,White,Female 
2003,55.6,42.3,Lung,White,Female 
2004,53.8,42,Lung,White,Female 
2005,55.7,41.7,Lung,White,Female 
2006,55.3,41.4,Lung,White,Female 
2007,55.9,41.3,Lung,White,Female 
2008,54,40.4,Lung,White,Female 
2009,53.6,40,Lung,White,Female 
2010,51.2,39.2,Lung,White,Female 
1975,24.7,17.3,Lung,Black,Female 
1976,28.6,18.5,Lung,Black,Female 
1977,33.9,19.9,Lung,Black,Female 
1978,31.7,20.7,Lung,Black,Female 
1979,34.1,22.2,Lung,Black,Female 
1980,38.3,24.6,Lung,Black,Female 
1981,37.4,25.1,Lung,Black,Female 
1982,35.7,26.3,Lung,Black,Female 
1983,39.5,28.7,Lung,Black,Female 
1984,44.8,28,Lung,Black,Female 
1985,46,29.6,Lung,Black,Female 
1986,48.7,31,Lung,Black,Female 
1987,43.3,32.5,Lung,Black,Female 
1988,48.1,33.5,Lung,Black,Female 
1989,51.4,34.9,Lung,Black,Female 
1990,52.1,36.5,Lung,Black,Female 
1991,57.1,37.2,Lung,Black,Female 
1992,55.9,38.6,Lung,Black,Female 
1993,52.4,37.7,Lung,Black,Female 
1994,56.5,38.6,Lung,Black,Female 
1995,50,38.8,Lung,Black,Female 
1996,55.3,39.1,Lung,Black,Female 
1997,50.5,40.5,Lung,Black,Female 
1998,57.8,40.7,Lung,Black,Female 
1999,58.9,40,Lung,Black,Female 
2000,57.2,39.6,Lung,Black,Female 
2001,57.5,38.8,Lung,Black,Female 
2002,60.4,40.2,Lung,Black,Female 
2003,55.3,40.2,Lung,Black,Female 
2004,57,39.9,Lung,Black,Female 
2005,59.2,40.1,Lung,Black,Female 
2006,59.5,39.1,Lung,Black,Female 
2007,56.4,38.1,Lung,Black,Female 
2008,55.9,36.9,Lung,Black,Female 
2009,57.5,35.9,Lung,Black,Female 
2010,53.2,36.3,Lung,Black,Female 
1975,15.7,13.6,Pancreas,White,Male
1976,14.5,13.4,Pancreas,White,Male
1977,14.6,13.6,Pancreas,White,Male
1978,13.9,13.5,Pancreas,White,Male
1979,13.8,13.3,Pancreas,White,Male
1980,13.7,12.8,Pancreas,White,Male
1981,13.3,12.9,Pancreas,White,Male
1982,13.5,12.8,Pancreas,White,Male
1983,14.1,12.4,Pancreas,White,Male
1984,13.9,12.6,Pancreas,White,Male
1985,13.6,12.5,Pancreas,White,Male
1986,13.5,12.2,Pancreas,White,Male
1987,13.4,12.2,Pancreas,White,Male
1988,13.3,12.2,Pancreas,White,Male
1989,12.7,12.2,Pancreas,White,Male
1990,12.5,12.2,Pancreas,White,Male
1991,12.6,12.3,Pancreas,White,Male
1992,12.9,12.2,Pancreas,White,Male
1993,12,12.1,Pancreas,White,Male
1994,12.3,12,Pancreas,White,Male
1995,12.3,11.9,Pancreas,White,Male
1996,12.5,11.8,Pancreas,White,Male
1997,12.6,12,Pancreas,White,Male
1998,13,12,Pancreas,White,Male
1999,12.2,12.1,Pancreas,White,Male
2000,12.9,12,Pancreas,White,Male
2001,13.1,12.1,Pancreas,White,Male
2002,13.3,12.1,Pancreas,White,Male
2003,12.7,11.9,Pancreas,White,Male
2004,13.6,12.2,Pancreas,White,Male
2005,13.4,12.3,Pancreas,White,Male
2006,14.5,12.4,Pancreas,White,Male
2007,14.4,12.4,Pancreas,White,Male
2008,14.2,12.4,Pancreas,White,Male
2009,14.4,12.4,Pancreas,White,Male
2010,13.3,12.6,Pancreas,White,Male
1975,18.1,16.3,Pancreas,Black,Male
1976,22.7,16,Pancreas,Black,Male
1977,19.4,17.1,Pancreas,Black,Male
1978,20,15.9,Pancreas,Black,Male
1979,19.1,15.9,Pancreas,Black,Male
1980,21.8,16.5,Pancreas,Black,Male
1981,20.9,17,Pancreas,Black,Male
1982,21,17.1,Pancreas,Black,Male
1983,23.1,18.1,Pancreas,Black,Male
1984,18.4,17.5,Pancreas,Black,Male
1985,25.3,17.3,Pancreas,Black,Male
1986,20.2,16.7,Pancreas,Black,Male
1987,19,17.4,Pancreas,Black,Male
1988,19.5,17.1,Pancreas,Black,Male
1989,16.1,17.7,Pancreas,Black,Male
1990,18.8,18.1,Pancreas,Black,Male
1991,18.2,16.9,Pancreas,Black,Male
1992,19.8,18.2,Pancreas,Black,Male
1993,18.9,17.6,Pancreas,Black,Male
1994,21.5,17.7,Pancreas,Black,Male
1995,20.3,15.8,Pancreas,Black,Male
1996,19.7,16.4,Pancreas,Black,Male
1997,19.4,16.4,Pancreas,Black,Male
1998,16.2,16.5,Pancreas,Black,Male
1999,19.5,16.6,Pancreas,Black,Male
2000,18.2,15.8,Pancreas,Black,Male
2001,15.5,15.1,Pancreas,Black,Male
2002,14.9,15.5,Pancreas,Black,Male
2003,17.1,15.5,Pancreas,Black,Male
2004,19.5,15.6,Pancreas,Black,Male
2005,18.4,15.5,Pancreas,Black,Male
2006,18.3,14.9,Pancreas,Black,Male
2007,16.4,15.6,Pancreas,Black,Male
2008,19.3,15.1,Pancreas,Black,Male
2009,20.4,15,Pancreas,Black,Male
2010,19.3,15.7,Pancreas,Black,Male
1975,8.9,8.3,Pancreas,White,Female 
1976,9.7,8.4,Pancreas,White,Female 
1977,9.5,8.6,Pancreas,White,Female 
1978,8.6,8.6,Pancreas,White,Female 
1979,9.4,8.6,Pancreas,White,Female 
1980,9.2,8.6,Pancreas,White,Female 
1981,9.9,8.8,Pancreas,White,Female 
1982,9.9,8.6,Pancreas,White,Female 
1983,10.1,8.9,Pancreas,White,Female 
1984,10.6,8.9,Pancreas,White,Female 
1985,10.3,8.8,Pancreas,White,Female 
1986,9.8,8.9,Pancreas,White,Female 
1987,9.5,8.9,Pancreas,White,Female 
1988,9.6,8.6,Pancreas,White,Female 
1989,9.6,8.8,Pancreas,White,Female 
1990,9.8,8.9,Pancreas,White,Female 
1991,9.8,9,Pancreas,White,Female 
1992,10,8.9,Pancreas,White,Female 
1993,9.3,9,Pancreas,White,Female 
1994,9.8,9,Pancreas,White,Female 
1995,9.6,8.9,Pancreas,White,Female 
1996,9.6,8.9,Pancreas,White,Female 
1997,9.7,8.8,Pancreas,White,Female 
1998,9.9,8.8,Pancreas,White,Female 
1999,9.4,9,Pancreas,White,Female 
2000,9.6,9,Pancreas,White,Female 
2001,9.5,9.1,Pancreas,White,Female 
2002,10.1,9,Pancreas,White,Female 
2003,10.3,9,Pancreas,White,Female 
2004,10.2,9.1,Pancreas,White,Female 
2005,10.3,9.3,Pancreas,White,Female 
2006,10.8,9.3,Pancreas,White,Female 
2007,10.5,9.2,Pancreas,White,Female 
2008,10.9,9.5,Pancreas,White,Female 
2009,11.4,9.4,Pancreas,White,Female 
2010,10.8,9.4,Pancreas,White,Female 
1975,13.9,10.1,Pancreas,Black,Female 
1976,14,10.5,Pancreas,Black,Female 
1977,15.2,10.3,Pancreas,Black,Female 
1978,11.5,10.7,Pancreas,Black,Female 
1979,13.7,11.6,Pancreas,Black,Female 
1980,15.5,11.8,Pancreas,Black,Female 
1981,14.1,10.8,Pancreas,Black,Female 
1982,14,11.9,Pancreas,Black,Female 
1983,14.9,12.5,Pancreas,Black,Female 
1984,16.3,13.1,Pancreas,Black,Female 
1985,14.5,12.4,Pancreas,Black,Female 
1986,15.6,13,Pancreas,Black,Female 
1987,17.9,12.6,Pancreas,Black,Female 
1988,17.3,12.7,Pancreas,Black,Female 
1989,14,13.2,Pancreas,Black,Female 
1990,12.6,13.2,Pancreas,Black,Female 
1991,16.2,12.8,Pancreas,Black,Female 
1992,15.8,13.4,Pancreas,Black,Female 
1993,15.2,13.3,Pancreas,Black,Female 
1994,14.5,13.4,Pancreas,Black,Female 
1995,16.3,12.5,Pancreas,Black,Female 
1996,14.9,13,Pancreas,Black,Female 
1997,16.5,13.1,Pancreas,Black,Female 
1998,13.9,13.1,Pancreas,Black,Female 
1999,14.7,12.4,Pancreas,Black,Female 
2000,13.3,12.7,Pancreas,Black,Female 
2001,13.3,12.6,Pancreas,Black,Female 
2002,16.2,12.4,Pancreas,Black,Female 
2003,15.4,12.5,Pancreas,Black,Female 
2004,13.4,12.2,Pancreas,Black,Female 
2005,16.4,12.5,Pancreas,Black,Female 
2006,15.4,12.6,Pancreas,Black,Female 
2007,14.8,12.8,Pancreas,Black,Female 
2008,15.8,12.6,Pancreas,Black,Female 
2009,15,12.4,Pancreas,Black,Female 
2010,15.5,12.1,Pancreas,Black,Female 
